{"cameraMode":{"drawMode":0,"name":"Shaded","section":"Shading Mode"},"sceneLighting":false,"audioPlay":false,"sceneViewState":{"showFog":true,"showMaterialUpdate":false,"showSkybox":true,"showFlares":true,"showImageEffects":true,"showParticleSystems":true},"in2DMode":false,"pivot":{"x":1.8010897636413575,"y":1.5030707120895386,"z":-0.9951229095458984},"rotation":{"x":0.12334204465150833,"y":-0.09156344085931778,"z":-0.011430536396801472,"w":-0.9880648851394653},"size":3.5480690002441408,"orthographic":false}