{"cameraMode":{"drawMode":0,"name":"Shaded","section":"Shading Mode"},"sceneLighting":false,"audioPlay":false,"sceneViewState":{"showFog":true,"showMaterialUpdate":false,"showSkybox":true,"showFlares":true,"showImageEffects":true,"showParticleSystems":true},"in2DMode":false,"pivot":{"x":628.1583862304688,"y":174.96932983398438,"z":-15.81707763671875},"rotation":{"x":-0.13178980350494386,"y":-0.04548921808600426,"z":0.006053072866052389,"w":-0.9902149438858032},"size":22.0,"orthographic":false}