{"cameraMode":{"drawMode":0,"name":"Shaded","section":"Shading Mode"},"sceneLighting":false,"audioPlay":false,"sceneViewState":{"showFog":true,"showMaterialUpdate":false,"showSkybox":true,"showFlares":true,"showImageEffects":true,"showParticleSystems":true},"in2DMode":false,"pivot":{"x":0.9440000057220459,"y":0.8880000114440918,"z":0.0},"rotation":{"x":-0.10206858068704605,"y":-0.03521265089511871,"z":0.003614646615460515,"w":-0.9941474199295044},"size":2.1534154415130617,"orthographic":false}