{"cameraMode":{"drawMode":0,"name":"Shaded","section":"Shading Mode"},"sceneLighting":false,"audioPlay":false,"sceneViewState":{"showFog":true,"showMaterialUpdate":false,"showSkybox":true,"showFlares":true,"showImageEffects":true,"showParticleSystems":true},"in2DMode":false,"pivot":{"x":-10.44956111907959,"y":5.87376594543457,"z":-0.7113704681396484},"rotation":{"x":-0.07972060143947602,"y":-0.012863739393651486,"z":0.0010282627772539855,"w":-0.9967337250709534},"size":22.0,"orthographic":false}