{"cameraMode":{"drawMode":0,"name":"Shaded","section":"Shading Mode"},"sceneLighting":false,"audioPlay":false,"sceneViewState":{"showFog":true,"showMaterialUpdate":false,"showSkybox":true,"showFlares":true,"showImageEffects":true,"showParticleSystems":true},"in2DMode":false,"pivot":{"x":-2.279472589492798,"y":0.025565147399902345,"z":11.013877868652344},"rotation":{"x":0.1274598240852356,"y":-0.008027615956962109,"z":0.00103250821121037,"w":0.9918107390403748},"size":15.920845031738282,"orthographic":false}