{"cameraMode":{"drawMode":0,"name":"Shaded","section":"Shading Mode"},"sceneLighting":true,"audioPlay":false,"sceneViewState":{"showFog":true,"showMaterialUpdate":false,"showSkybox":true,"showFlares":true,"showImageEffects":true,"showParticleSystems":true},"in2DMode":false,"pivot":{"x":-38.6533203125,"y":-209.43563842773438,"z":209.2574462890625},"rotation":{"x":-0.23216889798641206,"y":0.007872242480516434,"z":-0.0018802351551130415,"w":-0.9726418256759644},"size":1064.2579345703125,"orthographic":false}